{"loss": [1.3786605596542358, 0.4408886730670929, 0.26971083879470825, 0.18588796257972717, 0.14287707209587097, 0.1042928621172905], "accuracy": [0.5959314107894897, 0.8596770763397217, 0.912497341632843, 0.9392560124397278, 0.9523294568061829, 0.9650615453720093], "val_loss": [0.4407597482204437, 0.3718913793563843, 0.2833743095397949, 0.21587419509887695, 0.15758953988552094, 0.16099247336387634], "val_accuracy": [0.8623378276824951, 0.8805485963821411, 0.9117345809936523, 0.9292624592781067, 0.948668360710144, 0.9500341415405273]}